Title,Price,Date
"realme 12 Pro 5G (Navigator Beige, 128 GB) (8 GB RAM)",24999,2024-04-22 21:38:26.986345
"realme 12 Pro 5G (Navigator Beige, 128 GB) (8 GB RAM)",24999,2024-04-22 21:41:46.233067
"realme 12 Pro 5G (Navigator Beige, 128 GB) (8 GB RAM)",24999,2024-04-22 21:43:55.785402
"realme 12 Pro 5G (Navigator Beige, 128 GB) (8 GB RAM)",24999,2024-04-22 22:15:04.454604
"realme 12 Pro 5G (Navigator Beige, 128 GB) (8 GB RAM)",24999,2024-04-22 23:04:23.268920
"realme 12 Pro 5G (Navigator Beige, 128 GB) (8 GB RAM)",24999,2024-04-22 23:05:39.873587
"realme 12 Pro 5G (Navigator Beige, 128 GB) (8 GB RAM)",24999,2024-04-22 23:06:05.079892
"SanDisk Cruzer Blade USB 2.0 32 GB Flash Pen Drive (Red, Black)",313,2024-04-22 23:06:13.053418
"SAMSUNG 22 inch Full HD IPS Panel Monitor (LS22C310EAWXXL) (Response Time: 5 ms, 75 Hz Refresh Rate)",6799,2024-04-22 23:06:15.673196
"realme 12 Pro 5G (Navigator Beige, 128 GB) (8 GB RAM)",24999,2024-04-23 00:00:55.431446
"SanDisk Cruzer Blade USB 2.0 32 GB Flash Pen Drive (Red, Black)",313,2024-04-23 00:01:03.304233
"SAMSUNG 22 inch Full HD IPS Panel Monitor (LS22C310EAWXXL) (Response Time: 5 ms, 75 Hz Refresh Rate)",6799,2024-04-23 00:01:05.066174
"realme 12 Pro 5G (Navigator Beige, 128 GB) (8 GB RAM)",24999,2024-04-23 11:06:29.976595
"SanDisk Cruzer Blade USB 2.0 32 GB Flash Pen Drive (Red, Black)",357,2024-04-23 11:06:38.815190
"SAMSUNG 22 inch Full HD IPS Panel Monitor (LS22C310EAWXXL) (Response Time: 5 ms, 75 Hz Refresh Rate)",6799,2024-04-23 11:06:40.680243
"realme 12 Pro 5G (Navigator Beige, 128 GB) (8 GB RAM)",24999,2024-04-23 11:11:03.360384
"SanDisk Cruzer Blade USB 2.0 32 GB Flash Pen Drive (Red, Black)",357,2024-04-23 11:11:05.402566
"SAMSUNG 22 inch Full HD IPS Panel Monitor (LS22C310EAWXXL) (Response Time: 5 ms, 75 Hz Refresh Rate)",6799,2024-04-23 11:11:13.402557
"realme 12 Pro 5G (Navigator Beige, 128 GB) (8 GB RAM)",24999,2024-04-23 11:12:10.706117
"SanDisk Cruzer Blade USB 2.0 32 GB Flash Pen Drive (Red, Black)",357,2024-04-23 11:12:12.736828
"SAMSUNG 22 inch Full HD IPS Panel Monitor (LS22C310EAWXXL) (Response Time: 5 ms, 75 Hz Refresh Rate)",6799,2024-04-23 11:12:20.046835
"realme 12 Pro 5G (Navigator Beige, 128 GB) (8 GB RAM)",24999,2024-04-23 22:44:28.553547
"SanDisk Cruzer Blade USB 2.0 32 GB Flash Pen Drive (Red, Black)",336,2024-04-23 22:44:30.390519
"SAMSUNG 22 inch Full HD IPS Panel Monitor (LS22C310EAWXXL) (Response Time: 5 ms, 75 Hz Refresh Rate)",6799,2024-04-23 22:44:38.327797
"realme 12 Pro 5G (Navigator Beige, 128 GB) (8 GB RAM)",24999,2024-04-23 23:18:19.043635
"SanDisk Cruzer Blade USB 2.0 32 GB Flash Pen Drive (Red, Black)",336,2024-04-23 23:18:21.146675
"SAMSUNG 22 inch Full HD IPS Panel Monitor (LS22C310EAWXXL) (Response Time: 5 ms, 75 Hz Refresh Rate)",6799,2024-04-23 23:18:30.894897
"realme 12 Pro 5G (Navigator Beige, 128 GB) (8 GB RAM)",24999,2024-04-24 01:11:06.854813
"SanDisk Cruzer Blade USB 2.0 32 GB Flash Pen Drive (Red, Black)",336,2024-04-24 01:11:08.829631
"SAMSUNG 22 inch Full HD IPS Panel Monitor (LS22C310EAWXXL) (Response Time: 5 ms, 75 Hz Refresh Rate)",6799,2024-04-24 01:11:16.457098
"OnePlus Bullets Wireless Z2 Bluetooth Headset (Magico Black, In the Ear)",1799,2024-04-24 01:11:18.003927
"DELL MS 116-BK Wired Optical Mouse (USB, Black)",299,2024-04-24 01:11:25.256528
"realme 12 Pro 5G (Navigator Beige, 128 GB) (8 GB RAM)",24999,2024-04-24 01:22:01.033751
"SanDisk Cruzer Blade USB 2.0 32 GB Flash Pen Drive (Red, Black)",336,2024-04-24 01:22:03.486186
"SAMSUNG 22 inch Full HD IPS Panel Monitor (LS22C310EAWXXL) (Response Time: 5 ms, 75 Hz Refresh Rate)",6799,2024-04-24 01:22:10.407066
"DELL MS 116-BK Wired Optical Mouse (USB, Black)",299,2024-04-24 01:22:11.835926
"OnePlus Bullets Wireless Z2 ANC Earphones with 45dB Hybrid ANC Bluetooth Headset (Boomin Black, In the Ear)",2299,2024-04-24 01:22:18.459020
"realme 12 Pro 5G (Navigator Beige, 128 GB) (8 GB RAM)",24999,2024-04-24 01:22:35.242390
"SanDisk Cruzer Blade USB 2.0 32 GB Flash Pen Drive (Red, Black)",336,2024-04-24 01:22:36.906247
"SAMSUNG 22 inch Full HD IPS Panel Monitor (LS22C310EAWXXL) (Response Time: 5 ms, 75 Hz Refresh Rate)",6799,2024-04-24 01:22:44.989800
"DELL MS 116-BK Wired Optical Mouse (USB, Black)",299,2024-04-24 01:22:46.522729
"OnePlus Bullets Wireless Z2 ANC Earphones with 45dB Hybrid ANC Bluetooth Headset (Boomin Black, In the Ear)",2299,2024-04-24 01:22:53.271544
"realme 12 Pro 5G (Navigator Beige, 128 GB) (8 GB RAM)",24999,2024-04-24 02:31:41.116989
"SanDisk Cruzer Blade USB 2.0 32 GB Flash Pen Drive (Red, Black)",336,2024-04-24 02:31:42.711174
"SAMSUNG 22 inch Full HD IPS Panel Monitor (LS22C310EAWXXL) (Response Time: 5 ms, 75 Hz Refresh Rate)",6799,2024-04-24 02:31:51.382397
"DELL MS 116-BK Wired Optical Mouse (USB, Black)",299,2024-04-24 02:31:53.267327
HP MI310 64 GB MicroSD Card Class 10 100 MB/s Memory Card (With Adapter),447,2024-04-24 02:32:01.334401
SanDisk SDCZ48-064G-I35 64 GB Pen Drive (Black),549,2024-04-24 02:32:09.061804
"realme 12 Pro 5G (Navigator Beige, 128 GB) (8 GB RAM)",24999,2024-04-24 02:34:24.437568
"SanDisk Cruzer Blade USB 2.0 32 GB Flash Pen Drive (Red, Black)",336,2024-04-24 02:34:25.920847
"SAMSUNG 22 inch Full HD IPS Panel Monitor (LS22C310EAWXXL) (Response Time: 5 ms, 75 Hz Refresh Rate)",6799,2024-04-24 02:34:35.218684
"DELL MS 116-BK Wired Optical Mouse (USB, Black)",299,2024-04-24 02:34:37.607217
HP MI310 64 GB MicroSD Card Class 10 100 MB/s Memory Card (With Adapter),447,2024-04-24 02:34:45.477258
SanDisk SDCZ48-064G-I35 64 GB Pen Drive (Black),549,2024-04-24 02:34:53.102562
"realme 12 Pro 5G (Navigator Beige, 128 GB) (8 GB RAM)",24999,2024-04-24 13:39:18.908423
"SanDisk Cruzer Blade USB 2.0 32 GB Flash Pen Drive (Red, Black)",336,2024-04-24 13:39:20.304450
"SAMSUNG 22 inch Full HD IPS Panel Monitor (LS22C310EAWXXL) (Response Time: 5 ms, 75 Hz Refresh Rate)",6799,2024-04-24 13:39:28.894817
"DELL MS 116-BK Wired Optical Mouse (USB, Black)",299,2024-04-24 13:39:31.336518
HP MI310 64 GB MicroSD Card Class 10 100 MB/s Memory Card (With Adapter),447,2024-04-24 13:39:40.309170
"realme 12 Pro 5G (Navigator Beige, 128 GB) (8 GB RAM)",24999,2024-04-24 13:55:43.516362
"SanDisk Cruzer Blade USB 2.0 32 GB Flash Pen Drive (Red, Black)",336,2024-04-24 13:55:44.990381
"SAMSUNG 22 inch Full HD IPS Panel Monitor (LS22C310EAWXXL) (Response Time: 5 ms, 75 Hz Refresh Rate)",6799,2024-04-24 13:55:51.905889
"DELL MS 116-BK Wired Optical Mouse (USB, Black)",299,2024-04-24 13:55:53.651245
HP MI310 64 GB MicroSD Card Class 10 100 MB/s Memory Card (With Adapter),447,2024-04-24 13:56:00.531471
SanDisk SDCZ48-064G-I35 64 GB Pen Drive (Black),549,2024-04-24 13:56:07.096563
SanDisk SDCZ48-064G-I35 64 GB Pen Drive (Black),549,2024-04-24 13:56:13.783266
"realme 12 Pro 5G (Navigator Beige, 128 GB) (8 GB RAM)",24999,2024-04-24 13:56:35.748169
"SanDisk Cruzer Blade USB 2.0 32 GB Flash Pen Drive (Red, Black)",336,2024-04-24 13:56:37.088063
"SAMSUNG 22 inch Full HD IPS Panel Monitor (LS22C310EAWXXL) (Response Time: 5 ms, 75 Hz Refresh Rate)",6799,2024-04-24 13:56:43.720200
"DELL MS 116-BK Wired Optical Mouse (USB, Black)",299,2024-04-24 13:56:45.245912
HP MI310 64 GB MicroSD Card Class 10 100 MB/s Memory Card (With Adapter),447,2024-04-24 13:56:52.642501
SanDisk SDCZ48-064G-I35 64 GB Pen Drive (Black),549,2024-04-24 13:56:59.578860
SanDisk SDCZ48-064G-I35 64 GB Pen Drive (Black),549,2024-04-24 13:57:06.160078
"realme 12 Pro 5G (Navigator Beige, 128 GB) (8 GB RAM)",24999,2024-04-24 14:13:26.678240
"SanDisk Cruzer Blade USB 2.0 32 GB Flash Pen Drive (Red, Black)",336,2024-04-24 14:13:30.140118
"SAMSUNG 22 inch Full HD IPS Panel Monitor (LS22C310EAWXXL) (Response Time: 5 ms, 75 Hz Refresh Rate)",6799,2024-04-24 14:13:40.397909
SanDisk SDCZ48-064G-I35 64 GB Pen Drive (Black),549,2024-04-24 14:13:43.147485
"realme 12 Pro 5G (Navigator Beige, 128 GB) (8 GB RAM)",24999,2024-04-24 14:14:06.451749
"SanDisk Cruzer Blade USB 2.0 32 GB Flash Pen Drive (Red, Black)",336,2024-04-24 14:14:08.434792
"SAMSUNG 22 inch Full HD IPS Panel Monitor (LS22C310EAWXXL) (Response Time: 5 ms, 75 Hz Refresh Rate)",6799,2024-04-24 14:14:16.957698
SanDisk SDCZ48-064G-I35 64 GB Pen Drive (Black),549,2024-04-24 14:14:20.415661
SanDisk SDCZ48-064G-I35 64 GB Pen Drive (Black),549,2024-04-24 14:14:29.281845
